Lift,Drag,L/D,CL,CD
194.80728166120056,56.823475722507084,3.428288734264099,0.7429390829823148,0.21670843402336434
